{"cameraMode":{"drawMode":0,"name":"Shaded","section":"Shading Mode"},"sceneLighting":true,"audioPlay":false,"sceneViewState":{"showFog":true,"showMaterialUpdate":false,"showSkybox":true,"showFlares":true,"showImageEffects":true,"showParticleSystems":true},"in2DMode":false,"pivot":{"x":-2.9002418518066408,"y":3.4560203552246095,"z":1.7926139831542969},"rotation":{"x":-0.2557835280895233,"y":0.3698222041130066,"z":-0.10666846483945847,"w":-0.8868080973625183},"size":56.55934143066406,"orthographic":false}